yr,y,fs
0.0,0.0,10.0
0.0,0.0,
0.0,0.0,
0.0,0.0,
0.0,0.0,
0.0,0.0,
0.0,0.0,
0.0,0.0,
0.0,0.0,
0.0,0.0,
0.0,0.0,
0.0,0.0,
0.0,0.0,
0.0,0.0,
0.0,0.0,
0.0,0.0,
0.0,0.0,
0.0,0.0,
0.0,0.0,
0.0,0.0,
1.9782269861246613,0.0,
1.9782269861246613,1.4905,
1.9782269861246613,2.3215,
1.9782269861246613,2.5905,
1.9782269861246613,2.7125,
1.9782269861246613,2.7910000000000004,
1.9782269861246613,2.859,
1.9782269861246613,2.8495,
1.9782269861246613,2.8545,
1.9782269861246613,2.923,
1.9782269861246613,2.8689999999999998,
1.9782269861246613,2.908,
1.9782269861246613,2.8689999999999998,
1.9782269861246613,2.9130000000000003,
1.9782269861246613,2.8885,
1.9782269861246613,2.908,
1.9782269861246613,2.8885,
1.9782269861246613,2.923,
1.9782269861246613,2.9375,
1.9782269861246613,2.8935,
0.0,2.923,
0.0,2.17,
0.0,1.4175,
0.0,0.748,
0.0,0.0,
0.0,0.0,
0.0,0.0,
0.0,0.0,
0.0,0.0,
0.0,0.0,
0.0,0.0,
0.0,0.0,
0.0,0.0,
0.0,0.0,
0.0,0.0,
0.0,0.0,
0.0,0.0,
0.0,0.0,
0.0,0.0,
0.0,0.0,
1.912491450570564,0.0,
1.912491450570564,1.4175,
1.912491450570564,2.2485,
1.912491450570564,2.5075,
1.912491450570564,2.6345,
1.912491450570564,2.7615,
1.912491450570564,2.7615,
1.912491450570564,2.8005000000000004,
1.912491450570564,2.8299999999999996,
1.912491450570564,2.8299999999999996,
1.912491450570564,2.8005000000000004,
1.912491450570564,2.8495,
1.912491450570564,2.82,
1.912491450570564,2.7910000000000004,
1.912491450570564,2.8055000000000003,
1.912491450570564,2.8105,
1.912491450570564,2.8105,
1.912491450570564,2.8055000000000003,
1.912491450570564,2.786,
1.912491450570564,2.8149999999999995,
0.0,2.8149999999999995,
0.0,2.0235,
0.0,1.261,
0.0,0.562,
0.0,0.0,
0.0,0.0,
0.0,0.0,
0.0,0.0,
0.0,0.0,
0.0,0.0,
0.0,0.0,
0.0,0.0,
0.0,0.0,
0.0,0.0,
0.0,0.0,
0.0,0.0,
0.0,0.0,
0.0,0.0,
0.0,0.0,
0.0,0.0,
0.7328217795816662,0.0,
0.7328217795816662,0.381,
0.7328217795816662,0.567,
0.7328217795816662,0.66,
0.7328217795816662,0.748,
0.7328217795816662,0.7525,
0.7328217795816662,0.748,
0.7328217795816662,0.7284999999999999,
0.7328217795816662,0.7430000000000001,
0.7328217795816662,0.7575,
0.7328217795816662,0.787,
0.7328217795816662,0.782,
0.7328217795816662,0.7575,
0.7328217795816662,0.738,
0.7328217795816662,0.7330000000000001,
0.7328217795816662,0.7675,
0.7328217795816662,0.7625,
0.7328217795816662,0.7675,
0.7328217795816662,0.772,
0.7328217795816662,0.7330000000000001,
0.0,0.7330000000000001,
0.0,0.308,
0.0,0.0,
0.0,0.0,
0.0,0.0,
0.0,0.0,
0.0,0.0,
0.0,0.0,
0.0,0.0,
0.0,0.0,
0.0,0.0,
0.0,0.0,
0.0,0.0,
0.0,0.0,
0.0,0.0,
0.0,0.0,
0.0,0.0,
0.0,0.0,
0.0,0.0,
0.0,0.0,
2.144112926193537,0.0,
2.144112926193537,1.7545,
2.144112926193537,2.395,
2.144112926193537,2.7615,
2.144112926193537,2.8985,
2.144112926193537,2.9909999999999997,
2.144112926193537,3.001,
2.144112926193537,3.0645,
2.144112926193537,3.035,
2.144112926193537,3.045,
2.144112926193537,3.089,
2.144112926193537,3.0545,
2.144112926193537,3.035,
2.144112926193537,3.084,
2.144112926193537,3.079,
2.144112926193537,3.05,
2.144112926193537,3.05,
2.144112926193537,3.079,
2.144112926193537,3.0595,
2.144112926193537,3.04,
0.0,3.0695,
0.0,2.3655,
0.0,1.4025,
0.0,0.6645,
0.0,0.0,
0.0,0.0,
0.0,0.0,
0.0,0.0,
0.0,0.0,
0.0,0.0,
0.0,0.0,
0.0,0.0,
0.0,0.0,
0.0,0.0,
0.0,0.0,
0.0,0.0,
0.0,0.0,
0.0,0.0,
0.0,0.0,
0.0,0.0,
5.0,0.0,
5.0,2.439,
5.0,4.4525,
5.0,4.966,
5.0,5.0,
5.0,5.0,
5.0,5.0,
5.0,5.0,
5.0,5.0,
5.0,5.0,
5.0,5.0,
5.0,5.0,
5.0,5.0,
5.0,5.0,
5.0,5.0,
5.0,5.0,
5.0,5.0,
5.0,5.0,
5.0,5.0,
5.0,5.0,
0.0,5.0,
0.0,4.2325,
0.0,3.265,
0.0,2.341,
0.0,1.3735,
0.0,0.6305,
0.0,0.093,
0.0,0.0,
0.0,0.0,
0.0,0.0,
0.0,0.0,
0.0,0.0,
0.0,0.0,
0.0,0.0,
0.0,0.0,
0.0,0.0,
0.0,0.0,
0.0,0.0,
0.0,0.0,
0.0,0.0,
2.7799046062874924,0.0,
2.7799046062874924,1.6375000000000002,
2.7799046062874924,3.045,
2.7799046062874924,3.3625,
2.7799046062874924,3.5484999999999998,
2.7799046062874924,3.607,
2.7799046062874924,3.6215,
2.7799046062874924,3.6755,
2.7799046062874924,3.695,
2.7799046062874924,3.685,
2.7799046062874924,3.6654999999999998,
2.7799046062874924,3.6654999999999998,
2.7799046062874924,3.6559999999999997,
2.7799046062874924,3.705,
2.7799046062874924,3.705,
2.7799046062874924,3.69,
2.7799046062874924,3.6805,
2.7799046062874924,3.6704999999999997,
2.7799046062874924,3.685,
2.7799046062874924,3.7095000000000002,
0.0,3.69,
0.0,2.908,
0.0,2.0135,
0.0,1.261,
0.0,0.44949999999999996,
0.0,0.0,
0.0,0.0,
0.0,0.0,
0.0,0.0,
0.0,0.0,
0.0,0.0,
0.0,0.0,
0.0,0.0,
0.0,0.0,
0.0,0.0,
0.0,0.0,
0.0,0.0,
0.0,0.0,
0.0,0.0,
0.0,0.0,
0.25929380395607493,0.0,
0.25929380395607493,0.0,
0.25929380395607493,0.0,
0.25929380395607493,0.0,
0.25929380395607493,0.0,
0.25929380395607493,0.0,
0.25929380395607493,0.0,
0.25929380395607493,0.0,
0.25929380395607493,0.0,
0.25929380395607493,0.0,
0.25929380395607493,0.0,
0.25929380395607493,0.0,
0.25929380395607493,0.0,
0.25929380395607493,0.0,
0.25929380395607493,0.0,
0.25929380395607493,0.0,
0.25929380395607493,0.049,
0.25929380395607493,0.0,
0.25929380395607493,0.0,
0.25929380395607493,0.0,
0.0,0.0,
0.0,0.0,
0.0,0.0,
0.0,0.0,
0.0,0.0,
0.0,0.0,
0.0,0.0,
0.0,0.0,
0.0,0.0,
0.0,0.0,
0.0,0.0,
0.0,0.0,
0.0,0.0,
0.0,0.0,
0.0,0.0,
0.0,0.0,
0.0,0.0,
0.0,0.0,
0.0,0.0,
0.0,0.0,
0.6952595650619081,0.0,
0.6952595650619081,0.27849999999999997,
0.6952595650619081,0.469,
0.6952595650619081,0.5765,
0.6952595650619081,0.6305,
0.6952595650619081,0.6305,
0.6952595650619081,0.6795,
0.6952595650619081,0.6305,
0.6952595650619081,0.6890000000000001,
0.6952595650619081,0.6795,
0.6952595650619081,0.6355,
0.6952595650619081,0.7084999999999999,
0.6952595650619081,0.7135,
0.6952595650619081,0.645,
0.6952595650619081,0.6940000000000001,
0.6952595650619081,0.7184999999999999,
0.6952595650619081,0.6695,
0.6952595650619081,0.7235,
0.6952595650619081,0.7284999999999999,
0.6952595650619081,0.6695,
0.0,0.7235,
0.0,0.21000000000000002,
0.0,0.0,
0.0,0.0,
0.0,0.0,
0.0,0.0,
0.0,0.0,
0.0,0.0,
0.0,0.0,
0.0,0.0,
0.0,0.0,
0.0,0.0,
0.0,0.0,
0.0,0.0,
0.0,0.0,
0.0,0.0,
0.0,0.0,
0.0,0.0,
0.0,0.0,
0.0,0.0,
3.0087617860809712,0.0,
3.0087617860809712,2.0135,
3.0087617860809712,3.182,
3.0087617860809712,3.5335,
3.0087617860809712,3.7145,
3.0087617860809712,3.7685000000000004,
3.0087617860809712,3.8024999999999998,
3.0087617860809712,3.822,
3.0087617860809712,3.8169999999999997,
3.0087617860809712,3.8565,
3.0087617860809712,3.8415,
3.0087617860809712,3.822,
3.0087617860809712,3.8415,
3.0087617860809712,3.832,
3.0087617860809712,3.8369999999999997,
3.0087617860809712,3.822,
3.0087617860809712,3.8169999999999997,
3.0087617860809712,3.8415,
3.0087617860809712,3.8369999999999997,
3.0087617860809712,3.832,
0.0,3.8609999999999998,
0.0,3.0595,
0.0,2.1995,
0.0,1.2465,
0.0,0.616,
0.0,0.0,
0.0,0.0,
0.0,0.0,
0.0,0.0,
0.0,0.0,
0.0,0.0,
0.0,0.0,
0.0,0.0,
0.0,0.0,
0.0,0.0,
0.0,0.0,
0.0,0.0,
0.0,0.0,
0.0,0.0,
0.0,0.0,
0.012778789766212276,0.0,
0.012778789766212276,0.0,
0.012778789766212276,0.0,
0.012778789766212276,0.0,
0.012778789766212276,0.0,
0.012778789766212276,0.0,
0.012778789766212276,0.0,
0.012778789766212276,0.0,
0.012778789766212276,0.0,
0.012778789766212276,0.0,
0.012778789766212276,0.0,
0.012778789766212276,0.0,
0.012778789766212276,0.0,
0.012778789766212276,0.0,
0.012778789766212276,0.0,
0.012778789766212276,0.0,
0.012778789766212276,0.0,
0.012778789766212276,0.0,
0.012778789766212276,0.0,
0.012778789766212276,0.0,
0.0,0.0,
0.0,0.0,
0.0,0.0,
0.0,0.0,
0.0,0.0,
0.0,0.0,
0.0,0.0,
0.0,0.0,
0.0,0.0,
0.0,0.0,
0.0,0.0,
0.0,0.0,
0.0,0.0,
0.0,0.0,
0.0,0.0,
0.0,0.0,
0.0,0.0,
0.0,0.0,
0.0,0.0,
0.0,0.0,
4.918921639963352,0.0,
4.918921639963352,1.8525,
4.918921639963352,4.125,
4.918921639963352,4.9704999999999995,
4.918921639963352,5.0,
4.918921639963352,5.0,
4.918921639963352,5.0,
4.918921639963352,5.0,
4.918921639963352,5.0,
4.918921639963352,5.0,
4.918921639963352,5.0,
4.918921639963352,5.0,
4.918921639963352,5.0,
4.918921639963352,5.0,
4.918921639963352,5.0,
4.918921639963352,5.0,
4.918921639963352,5.0,
4.918921639963352,5.0,
4.918921639963352,5.0,
4.918921639963352,5.0,
0.0,5.0,
0.0,4.164,
0.0,3.1864999999999997,
0.0,2.312,
0.0,1.5005,
0.0,0.7184999999999999,
0.0,0.0,
0.0,0.0,
0.0,0.0,
0.0,0.0,
0.0,0.0,
0.0,0.0,
0.0,0.0,
0.0,0.0,
0.0,0.0,
0.0,0.0,
0.0,0.0,
0.0,0.0,
0.0,0.0,
0.0,0.0,
2.7663163907630643,0.0,
2.7663163907630643,1.8135000000000001,
2.7663163907630643,2.9325,
2.7663163907630643,3.3625,
2.7663163907630643,3.5435,
2.7663163907630643,3.612,
2.7663163907630643,3.6414999999999997,
2.7663163907630643,3.6704999999999997,
2.7663163907630643,3.646,
2.7663163907630643,3.6805,
2.7663163907630643,3.6805,
2.7663163907630643,3.651,
2.7663163907630643,3.6805,
2.7663163907630643,3.6805,
2.7663163907630643,3.646,
2.7663163907630643,3.6654999999999998,
2.7663163907630643,3.6654999999999998,
2.7663163907630643,3.6609999999999996,
2.7663163907630643,3.6755,
2.7663163907630643,3.6609999999999996,
0.0,3.646,
0.0,3.0109999999999997,
0.0,1.9989999999999999,
0.0,1.173,
0.0,0.523,
0.0,0.0,
0.0,0.0,
0.0,0.0,
0.0,0.0,
0.0,0.0,
0.0,0.0,
0.0,0.0,
0.0,0.0,
0.0,0.0,
0.0,0.0,
0.0,0.0,
0.0,0.0,
0.0,0.0,
0.0,0.0,
0.0,0.0,
3.6088697683150595,0.0,
3.6088697683150595,2.0135,
3.6088697683150595,3.529,
3.6088697683150595,3.9395000000000002,
3.6088697683150595,4.1055,
3.6088697683150595,4.1495,
3.6088697683150595,4.1739999999999995,
3.6088697683150595,4.2035,
3.6088697683150595,4.208,
3.6088697683150595,4.213,
3.6088697683150595,4.1985,
3.6088697683150595,4.208,
3.6088697683150595,4.179,
3.6088697683150595,4.208,
3.6088697683150595,4.1885,
3.6088697683150595,4.213,
3.6088697683150595,4.1935,
3.6088697683150595,4.218,
3.6088697683150595,4.218,
3.6088697683150595,4.218,
0.0,4.184,
0.0,3.4410000000000003,
0.0,2.5465,
0.0,1.564,
0.0,0.865,
0.0,0.2445,
0.0,0.0,
0.0,0.0,
0.0,0.0,
0.0,0.0,
0.0,0.0,
0.0,0.0,
0.0,0.0,
0.0,0.0,
0.0,0.0,
0.0,0.0,
0.0,0.0,
0.0,0.0,
0.0,0.0,
0.0,0.0,
0.9769062811883993,0.0,
0.9769062811883993,0.6695,
0.9769062811883993,0.9435,
0.9769062811883993,1.173,
0.9769062811883993,1.1925,
0.9769062811883993,1.2559999999999998,
0.9769062811883993,1.271,
0.9769062811883993,1.1975,
0.9769062811883993,1.2854999999999999,
0.9769062811883993,1.2315,
0.9769062811883993,1.295,
0.9769062811883993,1.251,
0.9769062811883993,1.2415,
0.9769062811883993,1.295,
0.9769062811883993,1.2854999999999999,
0.9769062811883993,1.212,
0.9769062811883993,1.227,
0.9769062811883993,1.2465,
0.9769062811883993,1.2315,
0.9769062811883993,1.2854999999999999,
0.0,1.1975,
0.0,0.6890000000000001,
0.0,0.0,
0.0,0.0,
0.0,0.0,
0.0,0.0,
0.0,0.0,
0.0,0.0,
0.0,0.0,
0.0,0.0,
0.0,0.0,
0.0,0.0,
0.0,0.0,
0.0,0.0,
0.0,0.0,
0.0,0.0,
0.0,0.0,
0.0,0.0,
0.0,0.0,
0.0,0.0,
4.996371509650953,0.0,
4.996371509650953,1.9209999999999998,
4.996371509650953,4.5065,
4.996371509650953,4.9755,
4.996371509650953,5.0,
4.996371509650953,5.0,
4.996371509650953,5.0,
4.996371509650953,5.0,
4.996371509650953,5.0,
4.996371509650953,5.0,
4.996371509650953,5.0,
4.996371509650953,5.0,
4.996371509650953,5.0,
4.996371509650953,5.0,
4.996371509650953,5.0,
4.996371509650953,5.0,
4.996371509650953,5.0,
4.996371509650953,5.0,
4.996371509650953,5.0,
4.996371509650953,5.0,
0.0,5.0,
0.0,4.179,
0.0,3.216,
0.0,2.395,
0.0,1.4224999999999999,
0.0,0.7525,
0.0,0.0295,
0.0,0.0,
0.0,0.0,
0.0,0.0,
0.0,0.0,
0.0,0.0,
0.0,0.0,
0.0,0.0,
0.0,0.0,
0.0,0.0,
0.0,0.0,
0.0,0.0,
0.0,0.0,
0.0,0.0,
0.8204562461694148,0.0,
0.8204562461694148,0.5325,
0.8204562461694148,0.7330000000000001,
0.8204562461694148,0.9139999999999999,
0.8204562461694148,0.9139999999999999,
0.8204562461694148,0.9089999999999999,
0.8204562461694148,0.963,
0.8204562461694148,0.9089999999999999,
0.8204562461694148,1.0115,
0.8204562461694148,0.8895,
0.8204562461694148,1.007,
0.8204562461694148,0.8945000000000001,
0.8204562461694148,1.002,
0.8204562461694148,0.9285,
0.8204562461694148,0.963,
0.8204562461694148,0.948,
0.8204562461694148,0.9725,
0.8204562461694148,0.9825,
0.8204562461694148,0.9385,
0.8204562461694148,0.9239999999999999,
0.0,0.9875,
0.0,0.269,
0.0,0.0,
0.0,0.0,
0.0,0.0,
0.0,0.0,
0.0,0.0,
0.0,0.0,
0.0,0.0,
0.0,0.0,
0.0,0.0,
0.0,0.0,
0.0,0.0,
0.0,0.0,
0.0,0.0,
0.0,0.0,
0.0,0.0,
0.0,0.0,
0.0,0.0,
0.0,0.0,
4.3713841939765805,0.0,
4.3713841939765805,2.082,
4.3713841939765805,4.0615000000000006,
4.3713841939765805,4.4475,
4.3713841939765805,4.482,
4.3713841939765805,4.5065,
4.3713841939765805,4.526,
4.3713841939765805,4.5015,
4.3713841939765805,4.5405,
4.3713841939765805,4.5455000000000005,
4.3713841939765805,4.4965,
4.3713841939765805,4.5505,
4.3713841939765805,4.516,
4.3713841939765805,4.5355,
4.3713841939765805,4.521,
4.3713841939765805,4.531,
4.3713841939765805,4.5355,
4.3713841939765805,4.526,
4.3713841939765805,4.521,
4.3713841939765805,4.526,
0.0,4.5405,
0.0,3.773,
0.0,2.698,
0.0,1.8575,
0.0,1.1095,
0.0,0.43499999999999994,
0.0,0.0,
0.0,0.0,
0.0,0.0,
0.0,0.0,
0.0,0.0,
0.0,0.0,
0.0,0.0,
0.0,0.0,
0.0,0.0,
0.0,0.0,
0.0,0.0,
0.0,0.0,
0.0,0.0,
0.0,0.0,
2.7916886970838473,0.0,
2.7916886970838473,1.9405000000000001,
2.7916886970838473,2.967,
2.7916886970838473,3.387,
2.7916886970838473,3.5535,
2.7916886970838473,3.6215,
2.7916886970838473,3.6559999999999997,
2.7916886970838473,3.6315,
2.7916886970838473,3.685,
2.7916886970838473,3.705,
2.7916886970838473,3.6805,
2.7916886970838473,3.6654999999999998,
2.7916886970838473,3.6704999999999997,
2.7916886970838473,3.6755,
2.7916886970838473,3.7,
2.7916886970838473,3.705,
2.7916886970838473,3.7145,
2.7916886970838473,3.6755,
2.7916886970838473,3.6755,
2.7916886970838473,3.6704999999999997,
0.0,3.69,
0.0,2.9815000000000005,
0.0,1.96,
0.0,1.1925,
0.0,0.5425,
0.0,0.0,
0.0,0.0,
0.0,0.0,
0.0,0.0,
0.0,0.0,
0.0,0.0,
0.0,0.0,
0.0,0.0,
0.0,0.0,
0.0,0.0,
0.0,0.0,
0.0,0.0,
0.0,0.0,
0.0,0.0,
0.0,0.0,
2.4914583833918127,0.0,
2.4914583833918127,1.877,
2.4914583833918127,2.781,
2.4914583833918127,3.1185,
2.4914583833918127,3.2745,
2.4914583833918127,3.348,
2.4914583833918127,3.382,
2.4914583833918127,3.392,
2.4914583833918127,3.4165,
2.4914583833918127,3.426,
2.4914583833918127,3.436,
2.4914583833918127,3.4410000000000003,
2.4914583833918127,3.4165,
2.4914583833918127,3.4605,
2.4914583833918127,3.4455,
2.4914583833918127,3.4505000000000003,
2.4914583833918127,3.4655000000000005,
2.4914583833918127,3.4555000000000002,
2.4914583833918127,3.426,
2.4914583833918127,3.4605,
0.0,3.4215,
0.0,2.698,
0.0,1.8525,
0.0,0.9775,
0.0,0.2885,
0.0,0.0,
0.0,0.0,
0.0,0.0,
0.0,0.0,
0.0,0.0,
0.0,0.0,
0.0,0.0,
0.0,0.0,
0.0,0.0,
0.0,0.0,
0.0,0.0,
0.0,0.0,
0.0,0.0,
0.0,0.0,
0.0,0.0,
1.2189488651222151,0.0,
1.2189488651222151,0.8455,
1.2189488651222151,1.3585,
1.2189488651222151,1.52,
1.2189488651222151,1.5935,
1.2189488651222151,1.6420000000000001,
1.2189488651222151,1.7255,
1.2189488651222151,1.6764999999999999,
1.2189488651222151,1.73,
1.2189488651222151,1.7449999999999999,
1.2189488651222151,1.7205000000000001,
1.2189488651222151,1.6815,
1.2189488651222151,1.691,
1.2189488651222151,1.779,
1.2189488651222151,1.6715,
1.2189488651222151,1.7545,
1.2189488651222151,1.696,
1.2189488651222151,1.6715,
1.2189488651222151,1.73,
1.2189488651222151,1.75,
0.0,1.7255,
0.0,1.007,
0.0,0.386,
0.0,0.0,
0.0,0.0,
0.0,0.0,
0.0,0.0,
0.0,0.0,
0.0,0.0,
0.0,0.0,
0.0,0.0,
0.0,0.0,
0.0,0.0,
0.0,0.0,
0.0,0.0,
0.0,0.0,
0.0,0.0,
0.0,0.0,
0.0,0.0,
0.0,0.0,
1.4899257274936177,0.0,
1.4899257274936177,1.046,
1.4899257274936177,1.6520000000000001,
1.4899257274936177,1.916,
1.4899257274936177,2.033,
1.4899257274936177,2.0869999999999997,
1.4899257274936177,2.141,
1.4899257274936177,2.17,
1.4899257274936177,2.1945,
1.4899257274936177,2.185,
1.4899257274936177,2.1505,
1.4899257274936177,2.2239999999999998,
1.4899257274936177,2.165,
1.4899257274936177,2.1505,
1.4899257274936177,2.2045,
1.4899257274936177,2.18,
1.4899257274936177,2.1505,
1.4899257274936177,2.214,
1.4899257274936177,2.185,
1.4899257274936177,2.1605,
0.0,2.185,
0.0,1.4175,
0.0,0.7575,
0.0,0.1175,
0.0,0.0,
0.0,0.0,
0.0,0.0,
0.0,0.0,
0.0,0.0,
0.0,0.0,
0.0,0.0,
0.0,0.0,
0.0,0.0,
0.0,0.0,
0.0,0.0,
0.0,0.0,
0.0,0.0,
0.0,0.0,
0.0,0.0,
0.0,0.0,
1.639278229119765,0.0,
1.639278229119765,1.31,
1.639278229119765,1.8575,
1.639278229119765,2.1505,
1.639278229119765,2.2925,
1.639278229119765,2.3265,
1.639278229119765,2.3605,
1.639278229119765,2.444,
1.639278229119765,2.4145,
1.639278229119765,2.4290000000000003,
1.639278229119765,2.4485,
1.639278229119765,2.444,
1.639278229119765,2.4145,
1.639278229119765,2.424,
1.639278229119765,2.4195,
1.639278229119765,2.424,
1.639278229119765,2.4535,
1.639278229119765,2.4,
1.639278229119765,2.4195,
1.639278229119765,2.439,
0.0,2.4290000000000003,
0.0,1.862,
0.0,0.948,
0.0,0.2445,
0.0,0.0,
0.0,0.0,
0.0,0.0,
0.0,0.0,
0.0,0.0,
0.0,0.0,
0.0,0.0,
0.0,0.0,
0.0,0.0,
0.0,0.0,
0.0,0.0,
0.0,0.0,
0.0,0.0,
0.0,0.0,
0.0,0.0,
0.0,0.0,
4.020107667677781,0.0,
4.020107667677781,2.1260000000000003,
4.020107667677781,3.8169999999999997,
4.020107667677781,4.1935,
4.020107667677781,4.306,
4.020107667677781,4.3645,
4.020107667677781,4.3695,
4.020107667677781,4.394,
4.020107667677781,4.3745,
4.020107667677781,4.4035,
4.020107667677781,4.3795,
4.020107667677781,4.4035,
4.020107667677781,4.4085,
4.020107667677781,4.394,
4.020107667677781,4.389,
4.020107667677781,4.3795,
4.020107667677781,4.4135,
4.020107667677781,4.389,
4.020107667677781,4.3695,
4.020107667677781,4.399,
0.0,4.3795,
0.0,3.6755,
0.0,2.7565,
0.0,1.7545,
0.0,1.036,
0.0,0.337,
0.0,0.0,
0.0,0.0,
0.0,0.0,
0.0,0.0,
0.0,0.0,
0.0,0.0,
0.0,0.0,
0.0,0.0,
0.0,0.0,
0.0,0.0,
0.0,0.0,
0.0,0.0,
0.0,0.0,
0.0,0.0,
4.617164945873458,0.0,
4.617164945873458,2.2485,
4.617164945873458,4.3255,
4.617164945873458,4.6675,
4.617164945873458,4.829,
4.617164945873458,4.7115,
4.617164945873458,4.7115,
4.617164945873458,4.702,
4.617164945873458,4.7115,
4.617164945873458,4.7165,
4.617164945873458,4.736000000000001,
4.617164945873458,4.746,
4.617164945873458,4.7165,
4.617164945873458,4.746,
4.617164945873458,4.7505,
4.617164945873458,4.736000000000001,
4.617164945873458,4.7505,
4.617164945873458,4.736000000000001,
4.617164945873458,4.7410000000000005,
4.617164945873458,4.7215,
0.0,4.736000000000001,
0.0,3.915,
0.0,3.0305,
0.0,2.0235,
0.0,1.2315,
0.0,0.4985,
0.0,0.0,
0.0,0.0,
0.0,0.0,
0.0,0.0,
0.0,0.0,
0.0,0.0,
0.0,0.0,
0.0,0.0,
0.0,0.0,
0.0,0.0,
0.0,0.0,
0.0,0.0,
0.0,0.0,
0.0,0.0,
3.9324481159571176,0.0,
3.9324481159571176,2.2435,
3.9324481159571176,3.8125,
3.9324481159571176,4.164,
3.9324481159571176,4.267,
3.9324481159571176,4.311,
3.9324481159571176,4.345,
3.9324481159571176,4.3595,
3.9324481159571176,4.3745,
3.9324481159571176,4.35,
3.9324481159571176,4.3695,
3.9324481159571176,4.3695,
3.9324481159571176,4.355,
3.9324481159571176,4.355,
3.9324481159571176,4.3745,
3.9324481159571176,4.35,
3.9324481159571176,4.355,
3.9324481159571176,4.3595,
3.9324481159571176,4.3595,
3.9324481159571176,4.35,
0.0,4.355,
0.0,3.5484999999999998,
0.0,2.6295,
0.0,1.6815,
0.0,0.9239999999999999,
0.0,0.303,
0.0,0.0,
0.0,0.0,
0.0,0.0,
0.0,0.0,
0.0,0.0,
0.0,0.0,
0.0,0.0,
0.0,0.0,
0.0,0.0,
0.0,0.0,
0.0,0.0,
0.0,0.0,
0.0,0.0,
0.0,0.0,
0.29732470907631997,0.0,
0.29732470907631997,0.0,
0.29732470907631997,0.0,
0.29732470907631997,0.0,
0.29732470907631997,0.0,
0.29732470907631997,0.0,
0.29732470907631997,0.0,
0.29732470907631997,0.0,
0.29732470907631997,0.0,
0.29732470907631997,0.0,
0.29732470907631997,0.0,
0.29732470907631997,0.0,
0.29732470907631997,0.0,
0.29732470907631997,0.0,
0.29732470907631997,0.0,
0.29732470907631997,0.0,
0.29732470907631997,0.0,
0.29732470907631997,0.0,
0.29732470907631997,0.0,
0.29732470907631997,0.0,
0.0,0.0,
0.0,0.0,
0.0,0.0,
0.0,0.0,
0.0,0.0,
0.0,0.0,
0.0,0.0,
0.0,0.0,
0.0,0.0,
0.0,0.0,
0.0,0.0,
0.0,0.0,
0.0,0.0,
0.0,0.0,
0.0,0.0,
0.0,0.0,
0.0,0.0,
0.0,0.0,
0.0,0.0,
0.0,0.0,
4.6459702805522305,0.0,
4.6459702805522305,2.1115,
4.6459702805522305,4.252000000000001,
4.6459702805522305,4.7265,
4.6459702805522305,4.7749999999999995,
4.6459702805522305,4.7555,
4.6459702805522305,4.746,
4.6459702805522305,4.7749999999999995,
4.6459702805522305,4.765499999999999,
4.6459702805522305,4.7705,
4.6459702805522305,4.7705,
4.6459702805522305,4.7604999999999995,
4.6459702805522305,4.7705,
4.6459702805522305,4.79,
4.6459702805522305,4.746,
4.6459702805522305,4.765499999999999,
4.6459702805522305,4.7749999999999995,
4.6459702805522305,4.765499999999999,
4.6459702805522305,4.7555,
4.6459702805522305,4.7749999999999995,
0.0,4.7604999999999995,
0.0,4.086,
0.0,2.962,
0.0,2.0625,
0.0,1.3,
0.0,0.46449999999999997,
0.0,0.0,
0.0,0.0,
0.0,0.0,
0.0,0.0,
0.0,0.0,
0.0,0.0,
0.0,0.0,
0.0,0.0,
0.0,0.0,
0.0,0.0,
0.0,0.0,
0.0,0.0,
0.0,0.0,
0.0,0.0,
0.7680755297467834,0.0,
0.7680755297467834,0.5375,
0.7680755297467834,0.7330000000000001,
0.7680755297467834,0.8065,
0.7680755297467834,0.7525,
0.7680755297467834,0.8260000000000001,
0.7680755297467834,0.772,
0.7680755297467834,0.8505,
0.7680755297467834,0.8555,
0.7680755297467834,0.7965,
0.7680755297467834,0.787,
0.7680755297467834,0.8699999999999999,
0.7680755297467834,0.8455,
0.7680755297467834,0.7625,
0.7680755297467834,0.8405,
0.7680755297467834,0.8799999999999999,
0.7680755297467834,0.8065,
0.7680755297467834,0.8015,
0.7680755297467834,0.8505,
0.7680755297467834,0.8505,
0.0,0.787,
0.0,0.269,
0.0,0.0,
0.0,0.0,
0.0,0.0,
0.0,0.0,
0.0,0.0,
0.0,0.0,
0.0,0.0,
0.0,0.0,
0.0,0.0,
0.0,0.0,
0.0,0.0,
0.0,0.0,
0.0,0.0,
0.0,0.0,
0.0,0.0,
0.0,0.0,
0.0,0.0,
0.0,0.0,
0.6676761506974265,0.0,
0.6676761506974265,0.3275,
0.6676761506974265,0.518,
0.6676761506974265,0.5569999999999999,
0.6676761506974265,0.5720000000000001,
0.6676761506974265,0.65,
0.6676761506974265,0.6645,
0.6676761506974265,0.606,
0.6676761506974265,0.6205,
0.6676761506974265,0.655,
0.6676761506974265,0.6205,
0.6676761506974265,0.606,
0.6676761506974265,0.6405,
0.6676761506974265,0.616,
0.6676761506974265,0.5765,
0.6676761506974265,0.6355,
0.6676761506974265,0.6355,
0.6676761506974265,0.5865,
0.6676761506974265,0.6305,
0.6676761506974265,0.645,
0.0,0.5915,
0.0,0.1565,
0.0,0.0,
0.0,0.0,
0.0,0.0,
0.0,0.0,
0.0,0.0,
0.0,0.0,
0.0,0.0,
0.0,0.0,
0.0,0.0,
0.0,0.0,
0.0,0.0,
0.0,0.0,
0.0,0.0,
0.0,0.0,
0.0,0.0,
0.0,0.0,
0.0,0.0,
0.0,0.0,
1.2451742204018035,0.0,
1.2451742204018035,0.8455,
1.2451742204018035,1.3245,
1.2451742204018035,1.52,
1.2451742204018035,1.6275,
1.2451742204018035,1.7155,
1.2451742204018035,1.8085,
1.2451742204018035,1.7595,
1.2451742204018035,1.7890000000000001,
1.2451742204018035,1.8179999999999998,
1.2451742204018035,1.7985000000000002,
1.2451742204018035,1.8179999999999998,
1.2451742204018035,1.8035,
1.2451742204018035,1.7449999999999999,
1.2451742204018035,1.7645,
1.2451742204018035,1.7645,
1.2451742204018035,1.8179999999999998,
1.2451742204018035,1.7985000000000002,
1.2451742204018035,1.8179999999999998,
1.2451742204018035,1.7935,
0.0,1.7399999999999998,
0.0,1.08,
0.0,0.45449999999999996,
0.0,0.0,
0.0,0.0,
0.0,0.0,
0.0,0.0,
0.0,0.0,
0.0,0.0,
0.0,0.0,
0.0,0.0,
0.0,0.0,
0.0,0.0,
0.0,0.0,
0.0,0.0,
0.0,0.0,
0.0,0.0,
0.0,0.0,
0.0,0.0,
0.0,0.0,
3.3486835326998783,0.0,
3.3486835326998783,1.8915000000000002,
3.3486835326998783,3.4555000000000002,
3.3486835326998783,3.793,
3.3486835326998783,3.9445,
3.3486835326998783,3.9979999999999998,
3.3486835326998783,4.0325,
3.3486835326998783,4.0325,
3.3486835326998783,4.091,
3.3486835326998783,4.042,
3.3486835326998783,4.0615000000000006,
3.3486835326998783,4.0665000000000004,
3.3486835326998783,4.0715,
3.3486835326998783,4.0760000000000005,
3.3486835326998783,4.0615000000000006,
3.3486835326998783,4.0760000000000005,
3.3486835326998783,4.0760000000000005,
3.3486835326998783,4.052,
3.3486835326998783,4.052,
3.3486835326998783,4.1005,
0.0,4.0565,
0.0,3.211,
0.0,2.3705000000000003,
0.0,1.5690000000000002,
0.0,0.8115,
0.0,0.01,
0.0,0.0,
0.0,0.0,
0.0,0.0,
0.0,0.0,
0.0,0.0,
0.0,0.0,
0.0,0.0,
0.0,0.0,
0.0,0.0,
0.0,0.0,
0.0,0.0,
0.0,0.0,
0.0,0.0,
0.0,0.0,
3.8122875786689785,0.0,
3.8122875786689785,2.1015,
3.8122875786689785,3.651,
3.8122875786689785,4.0760000000000005,
3.8122875786689785,4.1935,
3.8122875786689785,4.267,
3.8122875786689785,4.2915,
3.8122875786689785,4.2865,
3.8122875786689785,4.3155,
3.8122875786689785,4.3205,
3.8122875786689785,4.2764999999999995,
3.8122875786689785,4.301,
3.8122875786689785,4.306,
3.8122875786689785,4.306,
3.8122875786689785,4.295999999999999,
3.8122875786689785,4.295999999999999,
3.8122875786689785,4.301,
3.8122875786689785,4.2865,
3.8122875786689785,4.2865,
3.8122875786689785,4.301,
0.0,4.306,
0.0,3.5825,
0.0,2.522,
0.0,1.706,
0.0,0.9089999999999999,
0.0,0.2495,
0.0,0.0,
0.0,0.0,
0.0,0.0,
0.0,0.0,
0.0,0.0,
0.0,0.0,
0.0,0.0,
0.0,0.0,
0.0,0.0,
0.0,0.0,
0.0,0.0,
0.0,0.0,
0.0,0.0,
0.0,0.0,
4.671732047516356,0.0,
4.671732047516356,2.2385,
4.671732047516356,4.3205,
4.671732047516356,4.731,
4.671732047516356,4.7705,
4.671732047516356,4.7705,
4.671732047516356,4.8095,
4.671732047516356,4.7945,
4.671732047516356,4.7995,
4.671732047516356,4.7749999999999995,
4.671732047516356,4.785,
4.671732047516356,4.8045,
4.671732047516356,4.7945,
4.671732047516356,4.7945,
4.671732047516356,4.7945,
4.671732047516356,4.779999999999999,
4.671732047516356,4.79,
4.671732047516356,4.79,
4.671732047516356,4.7945,
4.671732047516356,4.7995,
0.0,4.7995,
0.0,4.0125,
0.0,3.079,
0.0,2.0725,
0.0,1.3050000000000002,
0.0,0.5325,
0.0,0.0,
0.0,0.0,
0.0,0.0,
0.0,0.0,
0.0,0.0,
0.0,0.0,
0.0,0.0,
0.0,0.0,
0.0,0.0,
0.0,0.0,
0.0,0.0,
0.0,0.0,
0.0,0.0,
0.0,0.0,
1.4084349526980453,0.0,
1.4084349526980453,1.134,
1.4084349526980453,1.5835,
1.4084349526980453,1.8179999999999998,
1.4084349526980453,1.877,
1.4084349526980453,1.9845,
1.4084349526980453,2.0380000000000003,
1.4084349526980453,2.0285,
1.4084349526980453,2.0185,
1.4084349526980453,2.077,
1.4084349526980453,2.092,
1.4084349526980453,2.082,
1.4084349526980453,2.0869999999999997,
1.4084349526980453,2.053,
1.4084349526980453,2.033,
1.4084349526980453,2.0185,
1.4084349526980453,2.0625,
1.4084349526980453,2.097,
1.4084349526980453,2.1065,
1.4084349526980453,2.097,
0.0,2.0380000000000003,
0.0,1.3635,
0.0,0.6355,
0.0,0.044000000000000004,
0.0,0.0,
0.0,0.0,
0.0,0.0,
0.0,0.0,
0.0,0.0,
0.0,0.0,
0.0,0.0,
0.0,0.0,
0.0,0.0,
0.0,0.0,
0.0,0.0,
0.0,0.0,
0.0,0.0,
0.0,0.0,
0.0,0.0,
0.0,0.0,
0.14827117969507222,0.0,
0.14827117969507222,0.0,
0.14827117969507222,0.0,
0.14827117969507222,0.0,
0.14827117969507222,0.0,
0.14827117969507222,0.0,
0.14827117969507222,0.0,
0.14827117969507222,0.0,
0.14827117969507222,0.0,
0.14827117969507222,0.0,
0.14827117969507222,0.0,
0.14827117969507222,0.0,
0.14827117969507222,0.0,
0.14827117969507222,0.0,
0.14827117969507222,0.0,
0.14827117969507222,0.0,
0.14827117969507222,0.0,
0.14827117969507222,0.0,
0.14827117969507222,0.0,
0.14827117969507222,0.0,
0.0,0.0,
0.0,0.0,
0.0,0.0,
0.0,0.0,
0.0,0.0,
0.0,0.0,
0.0,0.0,
0.0,0.0,
0.0,0.0,
0.0,0.0,
0.0,0.0,
0.0,0.0,
0.0,0.0,
0.0,0.0,
0.0,0.0,
0.0,0.0,
0.0,0.0,
0.0,0.0,
0.0,0.0,
0.0,0.0,
0.7386082131729175,0.0,
0.7386082131729175,0.37650000000000006,
0.7386082131729175,0.606,
0.7386082131729175,0.6990000000000001,
0.7386082131729175,0.7575,
0.7386082131729175,0.7965,
0.7386082131729175,0.7430000000000001,
0.7386082131729175,0.836,
0.7386082131729175,0.8065,
0.7386082131729175,0.7965,
0.7386082131729175,0.8405,
0.7386082131729175,0.7330000000000001,
0.7386082131729175,0.8115,
0.7386082131729175,0.8115,
0.7386082131729175,0.8065,
0.7386082131729175,0.782,
0.7386082131729175,0.7430000000000001,
0.7386082131729175,0.8160000000000001,
0.7386082131729175,0.777,
0.7386082131729175,0.836,
0.0,0.7525,
0.0,0.078,
0.0,0.0,
0.0,0.0,
0.0,0.0,
0.0,0.0,
0.0,0.0,
0.0,0.0,
0.0,0.0,
0.0,0.0,
0.0,0.0,
0.0,0.0,
0.0,0.0,
0.0,0.0,
0.0,0.0,
0.0,0.0,
0.0,0.0,
0.0,0.0,
0.0,0.0,
0.0,0.0,
4.715535773169888,0.0,
4.715535773169888,2.2825,
4.715535773169888,4.3305,
4.715535773169888,4.7705,
4.715535773169888,4.8045,
4.715535773169888,4.824,
4.715535773169888,4.8435,
4.715535773169888,4.8535,
4.715535773169888,4.8145,
4.715535773169888,4.834,
4.715535773169888,4.824,
4.715535773169888,4.8385,
4.715535773169888,4.8535,
4.715535773169888,4.824,
4.715535773169888,4.8145,
4.715535773169888,4.824,
4.715535773169888,4.8585,
4.715535773169888,4.834,
4.715535773169888,4.8145,
4.715535773169888,4.824,
0.0,4.8585,
0.0,4.0760000000000005,
0.0,3.133,
0.0,2.048,
0.0,1.339,
0.0,0.611,
0.0,0.0,
0.0,0.0,
0.0,0.0,
0.0,0.0,
0.0,0.0,
0.0,0.0,
0.0,0.0,
0.0,0.0,
0.0,0.0,
0.0,0.0,
0.0,0.0,
0.0,0.0,
0.0,0.0,
0.0,0.0,
3.0422117761151455,0.0,
3.0422117761151455,2.1945,
3.0422117761151455,3.2305,
3.0422117761151455,3.607,
3.0422117761151455,3.7245,
3.0422117761151455,3.8169999999999997,
3.0422117761151455,3.8565,
3.0422117761151455,3.8805,
3.0422117761151455,3.8805,
3.0422117761151455,3.8609999999999998,
3.0422117761151455,3.8609999999999998,
3.0422117761151455,3.871,
3.0422117761151455,3.876,
3.0422117761151455,3.8905000000000003,
3.0422117761151455,3.871,
3.0422117761151455,3.8514999999999997,
3.0422117761151455,3.866,
3.0422117761151455,3.8955,
3.0422117761151455,3.871,
3.0422117761151455,3.8905000000000003,
0.0,3.8609999999999998,
0.0,3.089,
0.0,2.258,
0.0,1.349,
0.0,0.601,
0.0,0.0245,
0.0,0.0,
0.0,0.0,
0.0,0.0,
0.0,0.0,
0.0,0.0,
0.0,0.0,
0.0,0.0,
0.0,0.0,
0.0,0.0,
0.0,0.0,
0.0,0.0,
0.0,0.0,
0.0,0.0,
0.0,0.0,
3.1097161706504837,0.0,
3.1097161706504837,1.8375,
3.1097161706504837,3.2940000000000005,
3.1097161706504837,3.6365,
3.1097161706504837,3.7830000000000004,
3.1097161706504837,3.8514999999999997,
3.1097161706504837,3.9245,
3.1097161706504837,3.8955,
3.1097161706504837,3.91,
3.1097161706504837,3.915,
3.1097161706504837,3.9295,
3.1097161706504837,3.9295,
3.1097161706504837,3.9245,
3.1097161706504837,3.91,
3.1097161706504837,3.9445,
3.1097161706504837,3.92,
3.1097161706504837,3.92,
3.1097161706504837,3.9539999999999997,
3.1097161706504837,3.92,
3.1097161706504837,3.9395000000000002,
0.0,3.9345000000000003,
0.0,3.0940000000000003,
0.0,2.258,
0.0,1.4175,
0.0,0.5915,
0.0,0.01,
0.0,0.0,
0.0,0.0,
0.0,0.0,
0.0,0.0,
0.0,0.0,
0.0,0.0,
0.0,0.0,
0.0,0.0,
0.0,0.0,
0.0,0.0,
0.0,0.0,
0.0,0.0,
0.0,0.0,
0.0,0.0,
0.005434709165591675,0.0,
0.005434709165591675,0.0,
0.005434709165591675,0.0,
0.005434709165591675,0.0,
0.005434709165591675,0.0,
0.005434709165591675,0.0,
0.005434709165591675,0.0,
0.005434709165591675,0.0,
0.005434709165591675,0.0,
0.005434709165591675,0.0,
0.005434709165591675,0.0,
0.005434709165591675,0.0,
0.005434709165591675,0.0,
0.005434709165591675,0.0,
0.005434709165591675,0.0,
0.005434709165591675,0.0,
0.005434709165591675,0.0,
0.005434709165591675,0.0,
0.005434709165591675,0.0,
0.005434709165591675,0.0,
0.0,0.0,
0.0,0.0,
0.0,0.0,
0.0,0.0,
0.0,0.0,
0.0,0.0,
0.0,0.0,
0.0,0.0,
0.0,0.0,
0.0,0.0,
0.0,0.0,
0.0,0.0,
0.0,0.0,
0.0,0.0,
0.0,0.0,
0.0,0.0,
0.0,0.0,
0.0,0.0,
0.0,0.0,
0.0,0.0,
2.9897670302165302,0.0,
2.9897670302165302,1.9255,
2.9897670302165302,3.123,
2.9897670302165302,3.5335,
2.9897670302165302,3.695,
2.9897670302165302,3.773,
2.9897670302165302,3.8074999999999997,
2.9897670302165302,3.832,
2.9897670302165302,3.8369999999999997,
2.9897670302165302,3.832,
2.9897670302165302,3.8074999999999997,
2.9897670302165302,3.8169999999999997,
2.9897670302165302,3.8169999999999997,
2.9897670302165302,3.8125,
2.9897670302165302,3.8169999999999997,
2.9897670302165302,3.8369999999999997,
2.9897670302165302,3.8465,
2.9897670302165302,3.8609999999999998,
2.9897670302165302,3.827,
2.9897670302165302,3.8465,
0.0,3.822,
0.0,3.1135,
0.0,2.121,
0.0,1.271,
0.0,0.655,
0.0,0.0,
0.0,0.0,
0.0,0.0,
0.0,0.0,
0.0,0.0,
0.0,0.0,
0.0,0.0,
0.0,0.0,
0.0,0.0,
0.0,0.0,
0.0,0.0,
0.0,0.0,
0.0,0.0,
0.0,0.0,
0.0,0.0,
4.325877690145757,0.0,
4.325877690145757,2.1065,
4.325877690145757,4.052,
4.325877690145757,4.399,
4.325877690145757,4.5065,
4.325877690145757,4.4965,
4.325877690145757,4.4965,
4.325877690145757,4.526,
4.325877690145757,4.5015,
4.325877690145757,4.5405,
4.325877690145757,4.5065,
4.325877690145757,4.521,
4.325877690145757,4.4965,
4.325877690145757,4.5355,
4.325877690145757,4.5015,
4.325877690145757,4.5355,
4.325877690145757,4.511,
4.325877690145757,4.5405,
4.325877690145757,4.511,
4.325877690145757,4.526,
0.0,4.5015,
0.0,3.773,
0.0,2.8445,
0.0,1.8375,
0.0,1.1584999999999999,
0.0,0.396,
0.0,0.0,
0.0,0.0,
0.0,0.0,
0.0,0.0,
0.0,0.0,
0.0,0.0,
0.0,0.0,
0.0,0.0,
0.0,0.0,
0.0,0.0,
0.0,0.0,
0.0,0.0,
0.0,0.0,
0.0,0.0,
3.3436779371101553,0.0,
3.3436779371101553,2.2239999999999998,
3.3436779371101553,3.431,
3.3436779371101553,3.832,
3.3436779371101553,3.9395000000000002,
3.3436779371101553,4.042,
3.3436779371101553,4.0665000000000004,
3.3436779371101553,4.047,
3.3436779371101553,4.0760000000000005,
3.3436779371101553,4.0615000000000006,
3.3436779371101553,4.081,
3.3436779371101553,4.047,
3.3436779371101553,4.0565,
3.3436779371101553,4.091,
3.3436779371101553,4.0565,
3.3436779371101553,4.0665000000000004,
3.3436779371101553,4.0760000000000005,
3.3436779371101553,4.0665000000000004,
3.3436779371101553,4.0615000000000006,
3.3436779371101553,4.081,
0.0,4.086,
0.0,3.309,
0.0,2.444,
0.0,1.4515,
0.0,0.7330000000000001,
0.0,0.132,
0.0,0.0,
0.0,0.0,
0.0,0.0,
0.0,0.0,
0.0,0.0,
0.0,0.0,
0.0,0.0,
0.0,0.0,
0.0,0.0,
0.0,0.0,
0.0,0.0,
0.0,0.0,
0.0,0.0,
0.0,0.0,
2.8253828207448044,0.0,
2.8253828207448044,1.823,
2.8253828207448044,3.0940000000000003,
2.8253828207448044,3.4455,
2.8253828207448044,3.5435,
2.8253828207448044,3.685,
2.8253828207448044,3.6805,
2.8253828207448044,3.7245,
2.8253828207448044,3.734,
2.8253828207448044,3.7535000000000003,
2.8253828207448044,3.734,
2.8253828207448044,3.7245,
2.8253828207448044,3.7,
2.8253828207448044,3.7145,
2.8253828207448044,3.7245,
2.8253828207448044,3.7195,
2.8253828207448044,3.5975,
2.8253828207448044,3.734,
2.8253828207448044,3.749,
2.8253828207448044,3.729,
0.0,3.7195,
0.0,2.9325,
0.0,2.0625,
0.0,1.261,
0.0,0.6305,
0.0,0.0,
0.0,0.0,
0.0,0.0,
0.0,0.0,
0.0,0.0,
0.0,0.0,
0.0,0.0,
0.0,0.0,
0.0,0.0,
0.0,0.0,
0.0,0.0,
0.0,0.0,
0.0,0.0,
0.0,0.0,
0.0,0.0,
1.3952602826540956,0.0,
1.3952602826540956,1.0705,
1.3952602826540956,1.5445,
1.3952602826540956,1.7890000000000001,
1.3952602826540956,1.911,
1.3952602826540956,1.9355,
1.3952602826540956,1.9794999999999998,
1.3952602826540956,2.043,
1.3952602826540956,1.9889999999999999,
1.3952602826540956,2.033,
1.3952602826540956,2.0675,
1.3952602826540956,2.0285,
1.3952602826540956,2.053,
1.3952602826540956,2.0380000000000003,
1.3952602826540956,2.0235,
1.3952602826540956,2.077,
1.3952602826540956,2.043,
1.3952602826540956,2.0285,
1.3952602826540956,2.053,
1.3952602826540956,2.0185,
0.0,2.009,
0.0,1.4465,
0.0,0.65,
0.0,0.0,
0.0,0.0,
0.0,0.0,
0.0,0.0,
0.0,0.0,
0.0,0.0,
0.0,0.0,
0.0,0.0,
0.0,0.0,
0.0,0.0,
0.0,0.0,
0.0,0.0,
0.0,0.0,
0.0,0.0,
0.0,0.0,
0.0,0.0,
0.0,0.0,
1.050885120246273,0.0,
1.050885120246273,0.792,
1.050885120246273,1.0705,
1.050885120246273,1.2805,
1.050885120246273,1.3245,
1.050885120246273,1.3785,
1.050885120246273,1.4615,
1.050885120246273,1.393,
1.050885120246273,1.4074999999999998,
1.050885120246273,1.339,
1.050885120246273,1.4175,
1.050885120246273,1.4074999999999998,
1.050885120246273,1.4515,
1.050885120246273,1.4124999999999999,
1.050885120246273,1.427,
1.050885120246273,1.432,
1.050885120246273,1.3785,
1.050885120246273,1.432,
1.050885120246273,1.3685,
1.050885120246273,1.476,
0.0,1.442,
0.0,0.8599999999999999,
0.0,0.0,
0.0,0.0,
0.0,0.0,
0.0,0.0,
0.0,0.0,
0.0,0.0,
0.0,0.0,
0.0,0.0,
0.0,0.0,
0.0,0.0,
0.0,0.0,
0.0,0.0,
0.0,0.0,
0.0,0.0,
0.0,0.0,
0.0,0.0,
0.0,0.0,
0.0,0.0,
2.1473637429570855,0.0,
2.1473637429570855,1.8179999999999998,
2.1473637429570855,2.4195,
2.1473637429570855,2.7225,
2.1473637429570855,2.864,
2.1473637429570855,3.001,
2.1473637429570855,3.0695,
2.1473637429570855,3.0545,
2.1473637429570855,3.0645,
2.1473637429570855,3.079,
2.1473637429570855,3.0745,
2.1473637429570855,3.1035000000000004,
2.1473637429570855,3.0940000000000003,
2.1473637429570855,3.1135,
2.1473637429570855,3.1424999999999996,
2.1473637429570855,3.1085000000000003,
2.1473637429570855,3.123,
2.1473637429570855,3.1185,
2.1473637429570855,3.1185,
2.1473637429570855,3.1135,
0.0,3.133,
0.0,2.3605,
0.0,1.5835,
0.0,0.6845,
0.0,0.0735,
0.0,0.0,
0.0,0.0,
0.0,0.0,
0.0,0.0,
0.0,0.0,
0.0,0.0,
0.0,0.0,
0.0,0.0,
0.0,0.0,
0.0,0.0,
0.0,0.0,
0.0,0.0,
0.0,0.0,
0.0,0.0,
0.0,0.0,
4.199472551298249,0.0,
4.199472551298249,1.8815000000000002,
4.199472551298249,4.003,
4.199472551298249,4.3155,
4.199472551298249,4.384,
4.199472551298249,4.4525,
4.199472551298249,4.4525,
4.199472551298249,4.4575,
4.199472551298249,4.4719999999999995,
4.199472551298249,4.482,
4.199472551298249,4.4719999999999995,
4.199472551298249,4.4719999999999995,
4.199472551298249,4.467499999999999,
4.199472551298249,4.467499999999999,
4.199472551298249,4.4624999999999995,
4.199472551298249,4.482,
4.199472551298249,4.487,
4.199472551298249,4.487,
4.199472551298249,4.467499999999999,
4.199472551298249,4.4575,
0.0,4.467499999999999,
0.0,3.6365,
0.0,2.7275,
0.0,1.9304999999999999,
0.0,0.9775,
0.0,0.37150000000000005,
0.0,0.0,
0.0,0.0,
0.0,0.0,
0.0,0.0,
0.0,0.0,
0.0,0.0,
0.0,0.0,
0.0,0.0,
0.0,0.0,
0.0,0.0,
0.0,0.0,
0.0,0.0,
0.0,0.0,
0.0,0.0,
3.1460238959910574,0.0,
3.1460238959910574,1.9304999999999999,
3.1460238959910574,3.226,
3.1460238959910574,3.6805,
3.1460238959910574,3.7975,
3.1460238959910574,3.8609999999999998,
3.1460238959910574,3.8955,
3.1460238959910574,3.9245,
3.1460238959910574,3.9345000000000003,
3.1460238959910574,3.9345000000000003,
3.1460238959910574,3.9295,
3.1460238959910574,3.9589999999999996,
3.1460238959910574,3.9445,
3.1460238959910574,3.9589999999999996,
3.1460238959910574,3.9539999999999997,
3.1460238959910574,3.9639999999999995,
3.1460238959910574,3.9245,
3.1460238959910574,3.9539999999999997,
3.1460238959910574,3.9684999999999997,
3.1460238959910574,3.9345000000000003,
0.0,3.92,
0.0,3.089,
0.0,2.258,
0.0,1.476,
0.0,0.7330000000000001,
0.0,0.0,
0.0,0.0,
0.0,0.0,
0.0,0.0,
0.0,0.0,
0.0,0.0,
0.0,0.0,
0.0,0.0,
0.0,0.0,
0.0,0.0,
0.0,0.0,
0.0,0.0,
0.0,0.0,
0.0,0.0,
0.0,0.0,
4.967191811360087,0.0,
4.967191811360087,2.214,
4.967191811360087,4.4135,
4.967191811360087,4.966,
4.967191811360087,5.0,
4.967191811360087,5.0,
4.967191811360087,5.0,
4.967191811360087,5.0,
4.967191811360087,5.0,
4.967191811360087,5.0,
4.967191811360087,5.0,
4.967191811360087,5.0,
4.967191811360087,5.0,
4.967191811360087,5.0,
4.967191811360087,5.0,
4.967191811360087,5.0,
4.967191811360087,5.0,
4.967191811360087,5.0,
4.967191811360087,5.0,
4.967191811360087,5.0,
